Metric,FP32 Keras,INT8 TFLite,Δ Difference,% Change
ACCURACY,0.911574,0.911490,-0.000083,-0.01%
PRECISION,0.904605,0.904579,-0.000026,-0.00%
RECALL,0.822123,0.821873,-0.000249,-0.03%
F1 SCORE,0.861394,0.861245,-0.000149,-0.02%
FPR,0.043522,0.043522,+0.000000,+0.00%
ROC AUC,0.955728,0.954785,-0.000942,-0.10%
PR AUC,0.920453,0.908421,-0.012033,-1.31%
